{
  "profile": {
    "hue": 219.5217391304348,
    "contrast": 0.9856521739130436
  }
}